2-551-208-8385,Madelyn Miller,Madelyn_Miller1749@p5emz.directory,Accounting
1-655-016-0780,Ron Purvis,Ron_Purvis7744@1wa8o.app,Speech
7-111-810-8100,Clint Foxley,Clint_Foxley1212@lhp4j.us,Sociology
6-644-312-8763,Holly Salt,Holly_Salt188@chkzl.online,Sociology
2-064-518-6820,Adalie Phillips,Adalie_Phillips4747@nb44i.audio,Economics
7-368-802-3421,Roger Williams,Roger_Williams5311@gnjps.solutions,Grammar
3-113-461-8770,Emma Cann,Emma_Cann1544@chkzl.page,Dramatics
7-305-115-6482,Joy Harris,Joy_Harris2304@bqkv0.shop,Science
7-370-681-3350,Gil Lloyd,Gil_Lloyd4014@gnjps.us,Speech
1-608-672-2537,Courtney Booth,Courtney_Booth9346@1kmd3.club,Accounting
8-750-467-0533,Carter Cooper,Carter_Cooper9024@nb44i.store,Science
2-860-743-7453,Gloria Fall,Gloria_Fall2975@fhuux.meet,American Literature
6-022-061-7866,Eileen Eagle,Eileen_Eagle9135@urn0m.ca,Art
4-801-652-2652,Gil Reynolds,Gil_Reynolds8262@dbxli.tech,French
1-078-885-6053,Nick Becker,Nick_Becker6790@mpibr.org,History
7-535-070-5473,Greta Johnson,Greta_Johnson5117@ptr6k.page,Basic Math
8-400-585-5711,Rose Selby,Rose_Selby3769@nb44i.edu,Resource Program
6-400-824-6203,Hayden Price,Hayden_Price7895@ptr6k.online,Design and technology
1-703-038-7371,Deborah Ashley,Deborah_Ashley6827@fhuux.property,Instrumental Music
8-846-476-4201,Lorraine Little,Lorraine_Little3476@iaart.press,Basic Math
7-345-017-5526,Ron Miller,Ron_Miller5853@bcfhs.autos,Economics
1-421-640-8605,Abdul Stanton,Abdul_Stanton5380@ptr6k.zone,Health
3-283-782-4757,Kaylee Shields,Kaylee_Shields6853@karnv.property,Speech
5-558-514-7875,Macy Bolton,Macy_Bolton4462@1kmd3.media,Sociology
0-753-826-4015,Anthony Doherty,Anthony_Doherty912@gkvds.autos,Geography
7-466-808-3752,Domenic Welsch,Domenic_Welsch9234@nmz0p.tech,Physical Education
1-252-100-2288,Jazmin Palmer,Jazmin_Palmer7362@3wbkp.services,Speech
4-285-344-1164,Evelynn Edmonds,Evelynn_Edmonds1884@c2nyu.design,Mathematics
3-425-656-8422,Ryan Nurton,Ryan_Nurton7766@ag5wi.meet,Science
8-471-708-2754,Lily Reyes,Lily_Reyes2029@3wbkp.media,Physical Education
3-743-830-1755,Dakota Knott,Dakota_Knott7110@bcfhs.edu,German
0-262-636-0463,Britney Everett,Britney_Everett5308@mpibr.biz,Basic Math
5-553-051-3502,Elly Clark,Elly_Clark3612@yvu30.media,Ecology
4-110-578-3763,Carl Simmons,Carl_Simmons2169@kyb7t.page,Design and technology
1-510-036-6758,Colleen Lewis,Colleen_Lewis7112@uagvw.app,Accounting
1-487-367-4845,Agnes Bright,Agnes_Bright2113@xqj6f.center,Basic Math
8-307-378-3375,Caitlyn Anderson,Caitlyn_Anderson2761@nanoff.club,Mathematics
5-324-143-2071,Danny Cooper,Danny_Cooper6874@kyb7t.info,American Literature
0-311-802-0824,Jacob Sinclair,Jacob_Sinclair1906@zynuu.directory,Grammar
5-424-417-0162,Noah Hudson,Noah_Hudson8955@cdpfn.info,German
2-441-115-0662,Ronald Ballard,Ronald_Ballard5945@gkvds.solutions,Earth Science
0-480-277-5600,George Taylor,George_Taylor2983@yvu30.press,Health
4-330-843-1617,Catherine Walsh,Catherine_Walsh7984@mpibr.edu,Sociology
0-215-343-5814,Estrella Willis,Estrella_Willis405@1kmd3.mobi,Latin
1-853-610-6610,Katelyn Farrant,Katelyn_Farrant6917@xtwt3.online,Accounting
0-707-524-1661,Harvey Upsdell,Harvey_Upsdell3766@zynuu.biz,Mathematics
0-550-457-2568,Beatrice Foxley,Beatrice_Foxley5928@mpibr.media,French
0-232-844-3483,Selena Long,Selena_Long646@mpibr.catering,Mathematics
7-024-026-7187,Logan Morris,Logan_Morris2230@zynuu.auction,Geography
7-660-410-8882,Celia Wills,Celia_Wills50@yafr7.club,Accounting
6-520-503-5583,Chester Shaw,Chester_Shaw6983@bcfhs.club,Geography
3-651-313-7524,Samara Rycroft,Samara_Rycroft2526@nanoff.video,Art
7-715-685-1460,Maya Dobson,Maya_Dobson2054@gnjps.edu,Spanish
8-520-664-1175,Javier Greenwood,Javier_Greenwood4463@urn0m.media,Mathematics
4-605-516-5602,Alessandra Yarwood,Alessandra_Yarwood8257@3wbkp.property,Economics
1-603-147-6421,Mason Shaw,Mason_Shaw4266@jcf8v.audio,Handwriting
8-200-300-3778,Lily Tyler,Lily_Tyler1670@bcfhs.pro,Basic Math
1-154-775-3402,Candace Thomas,Candace_Thomas2180@jcf8v.info,Ecology
3-130-366-8774,Anthony Wright,Anthony_Wright4779@xtwt3.info,Physical Education
4-431-385-8183,Jenna Jarrett,Jenna_Jarrett6323@c2nyu.meet,Latin
1-168-788-7843,Mike Rehman,Mike_Rehman2550@dbxli.catering,Trigonometry
7-163-334-6407,Kimberly Squire,Kimberly_Squire9262@chkzl.space,Art
1-564-140-0531,Tony Adams,Tony_Adams290@evyvh.net,Spanish
4-763-303-8002,Jack Lee,Jack_Lee8753@yahoo.property,Grammar
2-301-226-1431,Norah Yarwood,Norah_Yarwood6250@evyvh.com,Physical Education
4-715-024-0711,Bryon Ballard,Bryon_Ballard4759@yahoo.name,Mathematics
6-243-525-8611,Rick Sanchez,Rick_Sanchez4718@6ijur.design,Latin
6-526-624-5814,Mason Robinson,Mason_Robinson8480@v1wn5.media,Modern Literature
6-018-014-2826,Carla Reyes,Carla_Reyes7856@nanoff.store,Science
1-842-882-3305,Anais Gavin,Anais_Gavin9078@hepmv.store,Ancient Civilizations
7-751-142-2732,Cristal Rainford,Cristal_Rainford2979@bu2lo.property,Basic Math
5-311-556-3557,Manuel Parr,Manuel_Parr6168@ptr6k.net,Economics
1-870-861-8158,Summer Haines,Summer_Haines8916@d9un8.shop,Trigonometry
6-518-467-6380,Mason Gray,Mason_Gray4789@jcf8v.info,Music
2-544-064-0427,Cassandra Hale,Cassandra_Hale8920@lhp4j.online,Art
2-240-212-1742,Allison Khan,Allison_Khan4847@ckzyi.club,Leadership
4-144-342-5736,Hadley Lane,Hadley_Lane9762@nmz0p.space,Art
7-132-277-0606,Domenic Jarvis,Domenic_Jarvis236@lyvnc.host,LOGIC
3-780-753-7457,Nicholas Williams,Nicholas_Williams6332@nmz0p.mobi,Mathematics
6-285-526-2740,Georgia Antcliff,Georgia_Antcliff7294@xtwt3.tech,Ecology
0-736-833-1230,Leilani Oatway,Leilani_Oatway7431@ds59r.catering,Science
7-615-246-7672,Alba Johnson,Alba_Johnson2875@cdpfn.works,Earth Science
3-024-230-2175,Penny Bell,Penny_Bell4789@nmz0p.property,Resource Program
0-348-806-5812,Cristal Jarrett,Cristal_Jarrett6161@avn7d.design,Economics
2-247-503-8236,Courtney Speed,Courtney_Speed7236@6ijur.video,Music
0-402-753-7037,Stella Truscott,Stella_Truscott9641@evyvh.store,Sociology
1-174-507-2715,Emely Smith,Emely_Smith5627@crzq7.site,Geography
1-048-368-8022,Stephanie Gonzales,Stephanie_Gonzales3041@chkzl.business,Sociology
2-480-456-2241,Adalind Fleming,Adalind_Fleming1083@gkvds.site,Geography
0-260-468-4003,Nicholas Mcgee,Nicholas_Mcgee3282@ptr6k.info,Language Arts
8-158-114-4666,Charlize Thomas,Charlize_Thomas7098@yafr7.video,Latin
3-102-084-5784,Harvey Foxley,Harvey_Foxley3985@3wbkp.shop,Leadership
5-104-508-1781,Johnathan Anderson,Johnathan_Anderson6150@ptr6k.property,Resource Program
4-505-343-5887,Jayden Lucas,Jayden_Lucas5153@ckzyi.pro,Grammar
7-758-381-5317,Eduardo Long,Eduardo_Long4417@y96lx.com,LOGIC
7-875-101-0241,Danny Flack,Danny_Flack7601@zynuu.autos,Health
8-421-460-2684,Luke Upsdell,Luke_Upsdell9935@c2nyu.website,French
0-164-735-5460,Aurelia Terry,Aurelia_Terry8852@dbxli.autos,Instrumental Music
1-540-482-1486,Carl Vaughn,Carl_Vaughn9620@yafr7.name,Ecology
2-457-571-3157,Trisha Adler,Trisha_Adler1675@cke3u.store,Design and technology